{"cameraMode":{"drawMode":0,"name":"Shaded","section":"Shading Mode"},"sceneLighting":true,"audioPlay":false,"sceneViewState":{"m_AlwaysRefresh":false,"showFog":true,"showSkybox":true,"showFlares":true,"showImageEffects":true,"showParticleSystems":true,"showVisualEffectGraphs":true,"m_FxEnabled":true},"in2DMode":false,"pivot":{"x":2.427882432937622,"y":2.3526487350463869,"z":-30.314701080322267},"rotation":{"x":-0.00035838776966556907,"y":-0.999407947063446,"z":0.03180364891886711,"w":-0.00988504197448492},"size":15.488842964172364,"orthographic":false}