{"cameraMode":{"drawMode":0,"name":"Shaded","section":"Shading Mode"},"sceneLighting":true,"audioPlay":false,"sceneViewState":{"m_AlwaysRefresh":false,"showFog":true,"showSkybox":true,"showFlares":true,"showImageEffects":true,"showParticleSystems":true,"showVisualEffectGraphs":true,"m_FxEnabled":true},"in2DMode":false,"pivot":{"x":853.4405517578125,"y":16.231042861938478,"z":-844.3409423828125},"rotation":{"x":0.09278031438589096,"y":0.4674000144004822,"z":-0.04940327629446983,"w":0.8777385950088501},"size":15.488842964172364,"orthographic":false}